frame,avg_pxl diff,std_pxl,avg_angle_diff,std_angle
1,0.0026543833874322154,0.013034922264095571,0.9887932622687443,1.7890495025390631
2,2.0250933463771874,39.920432344598034,2.979759708968441,2.011886784761903
3,0.5335571920186905,6.058235499989917,3.4877442624180013,1.862600506958675
4,0.20723596087408067,1.0830114674081766,2.188522291866227,2.125411792598298
5,0.7905740084630062,7.761377729136918,3.098778506823324,1.716389182786737
6,0.14005670703776713,0.5246665778916799,0.9327198302049132,1.6328789179508565
7,1.5773781197419232,42.88114280628509,2.066154657871147,1.9898773815794992
8,0.8318323023741621,20.203931585731816,1.5421556484219447,1.9723967921812737
9,0.20457376956602238,0.5817157630266803,3.4761571515025387,1.4938801214756565
10,0.17051240595627795,1.098804366766939,1.8984843144371841,1.990205276253853
11,0.30657598950274023,2.7085031823334966,3.217712812429659,1.6303603206877664
12,0.30340273253269034,3.4114435706124993,3.2793274798646546,1.7691697748921262
13,0.1929258203910968,0.5035323400001331,3.450571839235557,2.026146517776911
14,1.640129885622856,43.66783826028692,1.948724876452903,2.3247301746634297
15,0.2745160892489049,1.6530053166941954,3.5525481036588453,2.242781869100831
16,0.9375005063602113,24.197812905630038,1.7294334340041537,2.249111987126768
17,0.4499411606129062,6.336981268525333,3.792969491442114,1.8057854152650095
18,1.6276332940651241,41.810887142185244,2.0309415818629435,2.2773351263326402
19,1.565434207133563,39.321943309773694,3.642109386220082,1.7413462065548555
20,3.4228038424795777,63.03602617825607,3.777651727797179,1.639766130329524
21,0.48499077774069765,7.484932306647418,3.7817190682408404,1.9789240731904394
22,0.22557922648614193,1.525823693831157,3.572517569421939,2.075669306567155
23,0.2974578169209175,1.1591695593335785,4.423747769307883,1.3210508016285503
24,0.9527387103595056,17.01957055750653,4.451271409743939,1.5841683403358442
25,2.86572374385437,44.16465340260433,4.504963767548419,1.3124758134229062
26,0.6265243546704585,2.592056061074918,4.55194299561681,1.2496113827691997
27,4.5708424262151786,68.21002295780225,4.477817255721825,1.05414365883771
28,1.0677307479878841,6.595096993121714,4.500651236486552,1.0415641000945854
29,2.472382889653505,39.64063725704981,4.499174557553228,1.1199372843361746
30,0.7441087423413232,1.0880906877184846,4.423197324853022,1.2740742300750965
31,2.68679366015102,36.32917006043726,4.739357873364499,0.9310160219463763
32,2.2817196585785555,24.478613541587087,4.392583771361453,1.5460276435929334
33,0.9634704326060738,0.709628985194302,4.657949002009448,1.210766984646455
34,2.0942586674070207,29.256378381623072,4.630158335886548,1.3406913858939404
35,3.10211120971083,51.08889177749919,4.461100484478168,1.3775311654241527
36,1.3184564528327918,6.760903046866922,4.460821389736608,1.4109111484569599
37,5.505747712815042,71.4950056609053,4.731049686620974,1.1468540304197667
38,2.3731541906846845,24.154343823782906,4.326612210473318,1.5976018019929372
39,3.816784835683549,41.36543530559355,4.234636247044693,1.6955169236472682
40,3.202156778664701,30.116176555636706,4.383902494097749,1.6604391063064456
41,4.907290454146233,44.361199393046086,4.816727951554037,0.9690721881269533
42,1.7957365328149806,2.45128146459221,4.64514650825811,1.1232268096825895
43,5.175676795659104,55.26128218359036,4.541912551146431,1.2248434580870957
44,2.1725294595563445,6.345657975775688,4.585459165625827,1.3208707842447027
45,3.397772389248725,27.369181465385836,4.75843169356444,1.197130293118045
46,5.753644643613623,62.30839152895864,4.4465641794107995,1.09537231255771
47,4.071591723370237,36.73861159932119,4.337977173318446,1.361015675421788
48,5.464308242042449,44.08397710881815,4.512085183264791,1.416074946046026
49,2.8180807984277947,5.622038081031833,4.460374469436562,1.0369225834864997
50,5.061399783893169,46.50795345435242,4.284333141029712,1.3520973681310968
51,4.220503577726732,35.789947371660716,4.623306431806835,1.0318649803746267
52,5.979059848080657,59.99403091568961,4.580011366972088,1.3211139765531246
53,8.468253728180885,73.25088710615651,4.574283140740152,0.9937563004591257
54,5.937056885072079,49.441936411382066,4.528900130857006,1.1748823600812708
55,3.4473012167474946,3.3657041463443638,4.595837549510442,1.2209761734245164
56,5.486248221543482,42.65081865320948,4.536935968882921,1.3422621165957602
57,6.232991247432696,43.14450435049863,4.384799846422566,1.2240263191053944
58,4.83103039040165,22.375681529161987,4.216276140616408,1.674781121206445
59,9.57829377008136,71.89416775677725,4.460549118912233,1.3310339276194707
60,5.934144633796301,47.07654587032367,4.375014617516387,1.2487363318235662
61,6.824944431134631,47.50401357338666,4.426676801233581,1.0678917576050944
62,4.652843668750399,5.927519137289506,4.610390407355967,1.0443905366246689
63,6.797479826420572,53.82212373244616,4.524531677291421,1.143656167928585
64,7.112748238614706,43.87448461627247,4.531412964031309,1.1626013835762536
65,4.707625862050701,4.633604487173564,4.372730135024359,1.3924071327981606
66,5.710993454740326,23.267773170042087,4.312279723247335,1.4422583389716725
67,4.998192628254939,3.4856451092475345,4.245171686765994,1.4329074524595464
68,9.384356201483696,62.41400254968883,4.470105024550804,1.2402096907773426
69,7.35418893398941,50.84410877764289,4.321035546594025,1.284357654722552
70,7.768872159651512,47.88042569821782,4.318903582742424,1.4564147842395867
71,7.752527126300914,42.675035596938386,4.460233850040452,1.259566079262564
72,6.32865021360687,5.975884415916809,4.485344902103671,1.2664334031490192
73,6.611596983278876,10.35930268903705,4.545388122926829,1.4433914315992746
74,8.50722386123216,53.35942340639767,4.448336549741243,1.160539416260325
75,8.838466129716167,39.04599121204795,4.4217593483703475,1.1957047389293183
76,6.743274931213447,6.477721674610779,4.304654555119546,1.4436497765421237
77,7.509270833600144,11.639013311208778,4.670951572923296,0.913393709443037
78,9.125648587239436,29.99682800701381,4.397924226659185,1.270919170813599
79,7.5557820902699,7.297280224170297,4.390462880270999,1.2863332647714603
80,7.427463160741399,5.162899854079767,4.571692140350621,1.1470392912462988
81,10.80315056019844,43.752355465771,4.393061501810453,1.3280213264881169
82,7.743352358523564,5.236142476923518,4.463714868722805,1.3069984688277143
83,9.511184637230754,25.069447691630568,4.484597378430559,1.3141341127530606
84,10.242629197480511,44.80019372118935,4.398702074135084,1.358574361546196
85,11.923996608350757,50.085954155831416,4.441175161650572,1.2730776780884503
86,10.623075035364968,36.186926121054555,4.393400907244315,1.40255429717842
87,10.579252733695652,26.582774907717084,4.3424964733173885,1.3984279098921664
88,10.559370104759163,27.472247569197506,4.392540771876642,1.394909809626028
89,10.931856692523667,22.536036948147064,4.2380991682337354,1.5790848118090344
90,12.37887721944348,39.30653224558983,4.145733014507521,1.6495941729727028
91,15.621280323341189,79.47373369026435,4.119252530124159,1.6615045261281098
92,13.6143020168515,45.19519916904271,4.086508431291415,1.6388683155144994
93,13.95761964424564,53.09527772687221,4.083346763698049,1.7005994083720668
94,10.270743962844316,6.836070890166325,3.984004223891059,1.7516235130660145
95,10.787915142929188,6.195068953376694,4.057224018048237,1.6742081959431865
96,13.60973587347055,29.122089582349968,4.111484888067609,1.553814594129903
97,11.567718953950719,7.796827229934586,4.287858182235484,1.6033493539114416
98,12.405005437304844,23.284716712359838,4.069999169452342,1.6609823880802064
99,13.601468553181302,51.78700365703675,4.215193096180955,1.6365447352078455
100,12.526076996065186,23.839301698244995,4.175281522597817,1.603118223656959
101,14.048413986541355,41.0346076360546,4.153959342497099,1.7805195411318988
102,12.188831299990172,9.687126584567933,4.41290582159599,1.3027059938909542
103,13.159117824540205,22.942135640409447,4.3357358159860695,1.2588627434138457
104,16.725185584762077,79.02912144904148,4.383477007456339,1.3021000326394498
105,16.197798596748033,59.85517705044573,4.146909445897245,1.7190089260065708
106,13.687541018084085,13.499458045286254,4.2268786848167,1.5065306315341238
107,13.44113969722575,10.82050597710045,4.393886319798016,1.3373059461193832
108,13.159656255834765,9.060530522536377,4.6113977770051635,1.27567242137939
109,16.804857909066364,54.552993955682105,4.370553205741159,1.4375014638343324
110,14.715210417638005,8.403485821463734,4.538742808725281,1.2102962632530736
111,15.050075147131313,13.872670459156987,4.554796933902699,1.2570451664433007
112,13.93562992232646,12.70505764865596,4.3564351544573965,1.4730290853510126
113,16.189877525897177,50.42946812911951,4.193079132559142,1.709688173557612
114,16.868075736923533,58.6527450600635,4.085534039392828,1.6416258866370075
115,14.263640866418282,15.870872533742551,4.9713231057497,1.4541015867842078
116,14.292146754114935,10.522492613814524,4.586554006403496,1.491009555758243
117,17.34591895914573,51.4750746723646,4.595896896713933,1.6081858960238817
118,15.295400104404958,36.02292689549871,3.97078954539317,2.1417550966849883
119,18.82876632185137,70.74638328906003,4.165861833810882,1.6857436705826678
120,14.62703028682415,11.163835113090853,4.4168415993155135,1.4806810485840525
121,20.944877240963777,85.29267641146619,4.3005677606391,1.4543578279379665
122,19.30081485618037,64.35213519436543,4.231335300794896,1.5256423167176683
123,20.010307681590938,59.7218022251803,4.562266350451737,1.3443238559848811
124,16.7360202291109,13.636995825534528,4.5053181101165105,1.5213046040759322
125,18.07582103224253,11.953484818326293,4.425687239193457,1.3964067091748587
126,20.297349626057375,44.09409329365289,4.499943286643329,1.4629596670276768
127,18.058430033970247,16.689454246719865,4.367330260120137,1.5753137019370769
128,21.335665456806076,45.780995469765244,4.389418980382594,1.5525988653344966
129,17.87668681911316,15.80889240707977,4.364720814000426,1.7900387662507946
130,21.82699858784581,56.72283525889729,4.398913944196509,1.6096071337370361
131,21.745210946965553,63.30789867511664,4.242171449998362,1.6551223474398453
132,28.508989322276545,102.7972888129968,4.677675580014956,1.3864928262609701
133,19.415461549295404,22.068055810773497,4.607123249992475,1.518293431036435
134,20.773451607513216,27.98882935675497,4.387466717198374,1.5413909328984725
135,17.889767519956834,11.697539793065744,4.333613572133211,1.5169677788142415
136,22.12093009128001,50.54604307845755,4.458349435486325,1.5100236796442166
137,24.561125594737838,72.19541333060194,4.639874529801802,1.6433418040580734
138,22.570593057365773,35.272309576101634,5.025428290016637,1.1125083729730938
139,25.497928081306473,60.96955928278664,4.377442029235787,1.5517448393908924
140,21.410981537267666,27.407995125114695,4.941199187016886,0.9318216916625947
141,19.687748501860483,12.7032716076219,5.055600045626124,1.0672723143585179
142,20.032713016720017,12.704347050803209,4.2819636194611475,1.6510841891054333
143,24.887451958372857,62.25062386112254,4.458893006055592,1.4616621587297385
144,22.420637275602456,38.0238331672855,4.562149975859342,1.5436265865503043
145,19.72741180735394,16.23396998823557,4.147560067951609,1.8717328040882033
146,22.44264144110493,18.58821082564639,4.514487471530335,1.4711378244207323
147,25.563290386373907,74.71875421861891,4.447447417311913,1.576584693352632
148,21.6737107936032,13.721873217397707,4.856722974518744,1.3445914899784606
149,23.528679121506762,42.62844580768575,4.729692737652129,1.523016599957369
150,24.86280895523433,53.31006799158539,4.39047782115866,1.5332598233107573
151,24.63161393875255,70.84373707649534,4.657760092867016,1.3647541587714327
152,26.533596062373274,54.44008435348544,4.8002525842355634,1.4603090137342973
153,20.523520967700655,15.810477238252846,4.128401666132911,1.6273941161866268
154,20.79783292225044,16.748684960794897,4.3217710612718125,1.5511273572830162
155,23.793351527358425,43.11956714490781,4.20302170319639,2.0096787512610517
156,26.088121985970293,62.80392301100619,3.8126539018411534,2.144202486847206
157,26.343353083689564,88.7827850455346,3.6859253033803467,2.167297332758398
158,28.7991262323348,65.59476418322262,3.9715161307700586,1.766888099058168
159,32.864711695812524,95.87893260645815,3.748047217145409,1.9538839875268654
160,24.885624424990336,59.421287042891834,3.8963535937626252,2.114303480646828
161,21.83764192219694,38.098109512148675,3.898260781970271,1.963627794448369
162,24.665950264803364,54.04825785950275,4.27199018538197,1.6449442230383695
163,21.268729447989912,33.64416148476621,4.681073061205503,1.3178295494072545
164,23.607507343979673,34.97268433087899,4.9415597673454705,0.9766285664312153
165,23.08713523503229,22.32545217344287,4.7011403726277825,1.3762115475778025
166,24.544922087742773,53.8742979094266,4.695991193599443,1.3818768650716131
167,24.599263771942695,68.75147401108474,4.539399490448186,1.6444159822743576
168,22.892825410541416,59.27941319626276,4.1589021905804895,1.8777092091423944
169,18.361501601413533,16.341993041920073,3.896758639458922,1.6376210124663866
170,19.79054597751469,15.960409602724816,3.910661868266362,1.6851170516374738
171,20.952615837003655,33.87851030581236,3.7125283375369587,1.9364184502214596
172,19.99456731066198,16.884489605846277,3.997953829043729,1.8395805796543734
173,20.89689288636529,24.24935984034716,3.9074493047909686,1.7440269273174767
174,25.98682062989752,74.50438342512628,4.241109741222638,2.0328921294324878
175,21.68605879200619,17.723906811687993,5.032563163421498,1.248430971489679
176,24.540791028837074,57.52968157849993,4.023035471101299,1.6809989773993022
177,23.526985364403878,44.63019178074409,4.1601065551094765,1.7081045846869578
178,27.27012999254286,79.17705472504036,3.9302074027000202,2.113785153858271
179,19.334957519130914,16.66992047478241,3.1856768549480705,2.14464708734974
180,23.515933268412898,45.866563933777456,3.656486988387053,2.1675997460750756
181,20.89367629585517,27.476603279185962,3.607238099020684,2.160626258082263
182,24.68209298900621,67.53509208143835,4.402589120767258,1.8912934741008391
183,22.057738784100728,47.61469439347606,3.568240079816764,2.169922308011578
184,22.632595108240466,49.48659400388542,3.64775361716859,2.12857623444619
185,21.59711954702335,24.871139793796978,3.4784919050762912,2.2601746506094758
186,21.081221306671967,16.864413504429645,3.741951081577243,2.188783540595734
187,21.369057985884094,70.12062235856962,3.2136789430474226,2.0080589871241044
188,24.375810825390097,80.07523131453274,3.3999604063450524,2.01429944464611
189,22.57950756826618,32.95665727126687,3.2495303454898057,2.1770078352806355
190,28.273397310109424,86.90199190206174,4.985756032132887,1.1173403502563424
191,20.610099716427577,19.935454583318986,4.750243902723045,0.9150902256254653
192,24.174614629999045,22.053413860300136,4.9705788587661965,0.8788890340006368
193,26.001457207412283,60.222362309725504,4.969228115573354,1.0238375879770065
194,29.33785147167819,83.7105639150612,4.8073256946405465,0.8979104472237404
195,26.599206848355458,86.72191826104736,4.481347724061071,1.2232351777428823
196,21.930005700982584,20.60568491033747,4.480283960545702,1.2205801257616715
197,22.733692814975342,20.24376515134171,4.761089038473586,1.481568257788664
198,27.35593809239935,77.54023461710585,3.639041790920952,2.0428676646028783
199,23.3603370408583,34.71371703809831,3.838848199941346,1.4417938742150507
200,21.921238783902865,19.297529428064653,3.7174801369469863,1.6372495708276724
201,24.332996079021264,49.39453602932507,4.420867998384931,1.7924409591811992
202,25.825306254562726,67.22354503968982,4.73301732470021,1.2089932147822657
203,25.38639117773501,50.19291974604166,4.397774814389884,0.8907820137494422
204,28.57796888106881,58.353743763600356,4.7994393515114595,0.846046254354958
205,25.89561844356497,49.19207520332274,4.8120902846188285,1.1072556094560508
206,25.236749199060917,24.597137204865145,4.394354631900147,0.9324420212876902
207,29.261887450153107,69.08481724496114,4.263219593945286,1.1240000008290145
208,24.054668743835748,24.90438327630267,4.196114429025116,1.6578840205540257
209,21.963865959178527,25.859706642031284,3.2773308805239485,2.1035937879189235
210,23.878270893048807,27.456733249430844,3.653330281150587,1.8073729366442144
211,25.245769361110494,44.76899408486371,3.7415152378353516,1.4749709679278669
212,27.617149846689824,59.73604427730773,3.725441794951623,1.7427653560282401
213,25.280247647448764,45.72246707582084,3.4098106816194855,2.1738804867849306
214,23.24028332525266,22.473904510484065,3.820624739857233,1.5531024407407903
215,21.36387023787069,22.438133992162985,4.119548492773817,1.050710605649934
216,25.620635669138615,47.45582345525096,4.807379417866847,0.9905558505773516
217,23.146511530523373,57.61851948750809,4.321873113144,0.9993955838535457
218,24.129249476125715,26.746866917738757,4.781024364045416,1.1518702638898026
219,28.617726277240404,96.5994847707611,4.275813361085915,0.9804994277605092
220,24.90044945115118,23.636008355470803,4.3905595336642325,0.9128470677654096
221,23.225561252595888,24.585551214916865,4.760873845645426,1.4576440805630846
222,24.65328115903115,23.23980819498051,3.833134155249184,1.532802097245019
223,35.92966527578484,105.7939953501477,3.7880769153901874,1.5093813784462653
224,28.626537083123797,61.627573129694774,3.685031669684258,1.9003960931035129
225,27.353875214490852,82.02485248935554,4.6228183108447185,1.2520271299282881
226,29.97431717735228,89.06734700959173,4.469539048422277,0.9233932262796132
227,37.88804384219576,113.01023475588448,4.603609728312533,0.921315253755442
228,25.13600098566385,24.13222265337223,4.444826404030745,0.8919863710536065
229,22.438299607622067,23.06607165448644,4.294455428200685,0.9309384394339396
230,32.929565441411356,86.97563822017025,4.8211246032690145,0.9243226232481343
231,22.884467201206657,25.505703489659556,3.9451159474529742,1.263002607365904
232,25.35721014968093,23.773190522138332,4.031562031614072,1.1979562664011474
233,26.595197145936087,42.78967597109406,3.763393649390759,1.5406465895399173
234,28.517254514661676,57.46840406669259,3.6693470228562353,2.0335023016563616
235,26.45519630208715,59.01592240956876,4.0322206811574155,1.2398427382766262
236,30.99022246210608,76.58127236573398,4.172245440137753,1.1461050360525222
237,37.07078230480661,139.7620501872265,4.945703379214995,1.1232307049017973
238,27.504479737248744,31.913220870463157,4.577938248373546,1.013801609545271
239,24.970828537444103,29.454529308689448,4.214878699164693,0.9516540135641968
240,22.943453041970162,24.479408869897,4.294719142556115,0.9703323758853876
241,25.8549340014241,24.668727410010767,3.944537650360092,1.8980041173072546
242,29.312187974365063,58.43265242428813,3.769368595936308,1.6847866244142866
243,35.42313541406679,101.6946232008141,3.885569261473964,1.3861354992649044
244,26.796986530697534,34.855065139675304,3.755429310001799,1.5504511571192978
245,21.715157763343022,24.776208920237046,3.447830696761265,1.822886216889545
246,26.97074122778023,26.615047995412425,3.720503522588861,1.7129545805661166
247,25.395260338074348,44.945360188670726,4.633880303071414,1.2220698740215794
248,31.520050371919552,53.627566452685244,4.581630960402767,0.8922824723862839
249,25.74025586745305,29.15856331805923,4.4659570145417735,1.0305171130403357
250,29.39479509847677,32.91565421635596,4.844395413632615,1.16835595629553
251,30.824282373232435,60.727037491660155,3.4909179118933404,1.7701202041993964
252,31.183221726069352,59.92825472935382,3.737576888991626,1.5911367090574562
253,29.829792427918477,71.78701008241661,3.2993658117686127,1.8748829956526125
254,27.807567637828967,31.716999261140707,3.6500079705333217,1.6440636357647347
255,28.971897806031997,58.52620664139142,3.516275860815269,1.7072332783018795
256,32.316417100867625,62.343436136291295,4.67359245866689,0.986328733500185
257,31.7457273211227,69.75455840081841,4.662032230543868,0.9880842418539294
258,28.270556071041796,28.953602322092735,4.333032211254867,0.9027379600112944
259,22.041645814641207,25.627680277251905,3.6233129721193795,1.8645478101367867
260,29.497701114100728,41.14179791507143,3.4627946603798603,1.9167235368239577
261,35.0708009043819,82.55333431301226,3.6284625155862136,1.636886823967983
262,38.529813876013634,110.09159893281578,3.5386230466797777,1.732840818997376
263,27.868068417000487,48.8868591630178,3.4127103173451734,1.7204333132298497
264,27.33440276603425,50.46416926534461,3.677651785536483,1.5747874315728694
265,24.794844163738563,34.5297747478802,3.592021603840838,1.5295599922065104
266,35.02161729448354,96.3587164073236,4.742034896691469,0.9479166619201126
267,31.91022247723784,74.45325652429057,4.444221428350965,0.8834164094696768
268,28.762631270392216,35.40423603764638,4.465429712337002,0.9819530947841577
269,24.57877997351808,45.76705768496801,3.2853577662105624,1.7739063982994685
270,30.040404692345273,53.7322702796,3.446672456049846,1.7197987573377942
271,31.838408237756962,101.57498991685063,3.5988246714850702,1.4415396186189782
272,24.743784973593243,27.387778129598342,3.9834090764898247,1.3111127273302745
273,28.38321600697573,54.98177168856164,4.2095990337068265,0.9607222595323011
274,28.985715492776,51.56149824198649,4.3620562571304005,0.8984642735916019
275,26.93286659401853,70.32482110249559,4.2654933893058065,0.987513163671702
276,25.001947901423687,26.866127880701526,4.429650359262556,1.011756821436874
277,24.970363144592568,29.207794478760427,3.7812714763747035,1.4189458505394017
278,26.785286119474705,34.83081149075396,3.521402985623798,1.5621409642418156
279,27.947252435405407,62.46409127889884,3.3907227516583807,1.622748809045321
280,23.249797687632444,30.35451739657239,3.5096894024268894,1.549344452524344
281,34.80248820819231,85.80521888355797,3.7910399928060294,1.1473404861341292
282,29.200822996009524,75.09004164186544,4.234898824154601,0.9868638492033108
283,28.103998709694054,46.55270679051206,4.736499397915675,1.1375450837101007
284,24.81419796440073,32.90829564393594,4.2282239800348265,0.9581944474381802
285,24.810645861624245,62.393511605506674,3.941481996983977,1.0083326318902754
286,25.106270856206624,43.834548683649615,4.321400783702777,1.5725650983637307
287,29.69516877388756,92.39525182325494,3.3205302210829406,1.7698724210779297
288,26.232281380101348,27.925673095862123,3.769534521967174,1.3507983164375554
289,25.530185011302365,50.502735656109195,3.6831905352832464,1.2190788954228176
290,26.76611044683379,57.710471234122046,3.993747885226575,1.7406534198978758
291,27.450488865627936,65.98729633898093,4.077422206513085,1.3938238989798801
292,22.866196932355994,27.141891067196102,4.170365032015634,1.2611859863944372
293,22.86508286410461,27.29071042386702,4.41408985897391,1.102878660192178
294,26.155998771502833,28.955954518553767,3.802052471183365,1.6177257785478314
295,21.694123037748955,26.167716407812687,3.3698128552980884,1.5539354328908084
296,27.97280867729849,65.04978515733589,3.434082240147627,1.683684679087335
297,20.68348099879069,28.774338283120265,3.4441951649636358,1.611457401195913
298,37.52282500008929,95.2569721638579,3.7494520417518955,1.529025645203231
299,29.645898045909405,85.65475201411809,4.004016108952776,1.0369044996329932
300,26.036317203745497,35.47155913600901,4.458626171277847,1.071096368322348
301,30.762890768671063,50.88764184414419,4.511973528732139,0.9830836139194999
302,30.750042924803232,52.75840563013473,3.9399753671689224,1.4822566106878716
303,30.519735205742354,56.08965543914866,3.528114270691048,1.5682752977193872
304,27.649205931235468,60.42198894731334,3.279087602946651,1.8424528460713547
305,34.69252206354787,126.65389447412372,3.360951593996754,1.285895608698515
306,32.935070103688325,99.33733542139369,3.7346688216151898,1.4028049567601342
307,24.32396471718238,44.99967633135163,4.4351669073875835,1.0055775340853677
308,31.195189878171533,70.97539366788196,4.271112443787951,0.9505725218109444
309,28.542290097490394,56.76130454738732,4.425561430603357,0.9776328155542191
310,32.304740605158116,39.63611434207718,4.704075423932766,1.008539190976625
311,26.970105182304284,31.13210762904851,3.644632095585882,1.4477097494680045
312,30.46233818558352,36.02962993266029,3.563043279927621,1.6890006990451523
313,37.74811953613985,108.02523053846191,3.3235511252215244,1.7082228583184453
314,28.593355412880975,56.674597413614755,3.534525222963832,1.4200841203036099
315,26.61144324893812,72.03664506506398,3.5731019853624764,1.4602988377846957
316,30.306407336318866,55.70347158933035,4.788201469679918,1.144241784816019
317,22.691438933193403,32.62414361623926,3.8538063132262685,0.9929369570267271
318,29.103329898804986,66.76839051095881,3.9296492696129395,1.253870619498665
319,25.791767768754067,38.8952907753425,4.040510847214654,1.8358258283164464
320,25.66565742452784,34.92185889686392,3.6280446987011663,1.3969111444432853
321,29.701734080497694,107.02088950251505,3.6133660498657387,1.0794417593789616
322,25.127591789110973,54.03357962867286,3.8238224273646697,1.0298280615651285
323,26.968374822960964,91.64964497161819,4.236277446337377,1.1194373468457293
324,26.408836118416115,53.393519711118806,4.640371532243784,1.2654714433018863
325,34.739879522762024,103.30582016716224,4.06169604341582,0.9115312823697865
326,28.944619816612683,46.740040848394656,4.149490749098161,1.0637679358650607
327,30.007164269437144,71.28548999437731,3.3549302313985585,1.8693543525043894
328,29.9554623934234,65.84631945553394,3.5672856640639496,1.3435771226967725
329,24.676061259640267,64.93483444617114,3.375156951733622,1.292783371790987
330,23.603124346212034,30.619936817777884,4.12868824252194,1.3416321150892518
331,27.135723529068812,63.44179080687201,4.177483472128776,1.0205264621371464
332,31.026524884543072,46.46130992289283,4.605569637522101,1.0818338781285814
333,35.5689835755076,90.14975704926438,4.350814776139745,1.0364336686114264
334,27.52702517904923,39.16835202266203,4.042553948916778,1.0200900155290273
335,23.251846279616608,49.20519752555733,3.5940620118802853,1.1577544180699748
336,33.17855043479883,94.19470259634842,3.5779061878987397,1.597150991636645
337,27.942587890356265,61.967758177680864,3.684770931439957,1.1319092161623792
338,38.46778201960975,104.19800541308479,4.23947327373653,1.02866913332694
339,24.898260070710247,38.10302713225093,4.153033674023771,1.0209419355482527
340,28.357614271058953,49.4338298683962,4.178006986645386,0.9233282576876607
341,31.673343669622543,67.61987321555013,4.44949132625643,0.9690684203761315
342,30.777595425936255,51.814507528475815,3.9778838096313653,1.0043010800016166
343,21.6000113104473,28.615058039351112,3.435188298854515,1.3287425520322476
344,29.690234726837094,46.203676079337626,3.678623620170664,1.386591367005285
345,23.348565148248706,49.02171925481834,3.4767157593605478,1.260424659345843
346,27.85580678562121,40.25439891943246,4.126297140807373,1.3075961827964298
347,24.951471873412025,60.16708272799098,4.121988122690689,1.3478900855549942
348,24.918657599875683,37.78471350585965,4.1407247364292585,1.0574536327770825
349,24.755800578712687,54.276490398120906,4.181856177931584,1.0995884628967658
350,23.74233405598851,29.269280597247164,4.195815218110932,1.28886444372654
351,22.833240517252683,32.12401893472745,4.083561107780918,1.452883538362122
352,26.1850863331583,56.15601600623544,3.8386841775567957,1.5627412576209692
353,30.96236230903653,106.83213234328956,3.5412505273124237,1.2567847706300899
354,31.099660161263103,84.12265366872045,4.245312522294808,1.4406852651809858
355,34.82747850276839,104.8536643620136,4.247425056473001,1.458493757148088
356,33.02243295729785,89.58019708225902,3.995019852578972,1.1803644965269524
357,31.493407863017175,84.83077080814225,3.8826498918852623,1.0742232908524603
358,35.44414929770778,100.71156217445235,3.6446310559541484,1.6597668717032799
359,24.259160113223892,31.73317970574656,3.3677473508787354,1.6988274837396773
360,26.05285902410206,36.20959568949367,3.6553755419917575,1.3898586061172458
361,28.125175646251435,63.12319187076405,3.983738114222376,1.3481964571220304
362,33.17593666937786,68.4792075289822,4.318360827234189,1.314735230166559
363,27.418089667605802,43.86672995709929,3.957353991455998,1.4253435254643074
364,36.452808972685744,95.22648081450784,4.0419028189677215,1.1872894752039953
365,26.743042674794182,74.87836312583943,3.7001107529393757,1.2618050358346804
366,28.502393359752492,75.79063936885942,3.9403254675223076,1.5254396257097629
367,21.28939826825424,36.4647206741893,3.8470924313224923,1.2259398926924137
368,26.435803510458985,34.59485723607168,3.7128092939893333,1.2723008386605468
369,27.087283888386246,56.72279798798457,4.004529369991302,1.3621641609892698
370,32.75153085164379,73.1612684687726,4.0530716383841385,1.6471557480053882
371,29.461972630430704,42.46733369361733,3.9619992544595255,1.4518026820873473
372,28.330030827439288,34.09816854835313,3.73230047659567,1.3184562968325917
373,25.688943325365624,60.89125689941828,3.489396973699357,1.3021398980680805
374,30.597165742213203,57.89544503107171,3.1229291387342557,2.04910523631277
375,28.514835706142648,62.740399619362556,3.4302423355160383,1.3804139900212749
376,28.814635744794995,43.273536927867305,3.7846748160463517,1.283263130817315
377,23.214380564039157,34.82463537707939,3.542560417021063,1.6678023139109002
378,31.311243628879605,65.77901625039766,4.295850688966695,1.6828655980996319
379,25.411241139686584,55.72728635363017,3.907979323834113,1.155831842035735
380,21.980088356493898,37.08577066647941,3.9505100671036746,1.6539389396276112
381,20.17375012748198,31.171857731497493,3.4944854275597765,1.3668938524287397
382,23.3954595197398,41.85889506871482,3.688942575955269,1.7352535227717232
383,20.452161403403185,42.58703686206178,4.051904004144217,1.3507337505587576
384,27.264103548912335,70.57016528925998,4.354194044306335,1.5325143994118295
385,20.48298497749902,33.30382988220902,4.425805351515548,1.4636748657834115
386,24.71462872229722,40.88293650608755,3.808488550810974,1.359905411213986
387,22.319269057746894,35.78080362934946,3.4960875139502363,1.4501382317535343
388,28.62028023593218,68.02861975486623,3.396129519587783,2.15809808097643
389,30.459398973338686,94.81197141909873,3.477202717410901,1.7902558265296253
390,27.407200091167113,33.423323730328576,4.2812654001611765,1.2839831801277168
391,27.190684064955246,71.21179461476642,4.272522663328265,1.1656891425519111
392,26.491423612258366,36.48215274892856,4.241932235412837,1.7971628593958373
393,23.846796648751557,32.27596715777023,3.9805720489475727,2.0727138079328413
394,24.250252875677674,50.16743770051894,3.7219556008658152,1.377690681471399
395,23.120209160561664,48.1322880295763,3.8972091211353517,1.61038688844842
396,31.108440427591237,88.29081810528179,4.772736210130742,1.4413131326785138
397,22.23139603942988,64.05464572514713,3.8623487411000994,1.530175146719476
398,29.435566329695735,68.2090352995974,3.9522542336830937,1.4984790317552974
399,29.488984837128125,63.56774860539527,4.091749222616783,2.014026373960164
400,31.466999291220336,87.44156697020466,3.676379000128356,1.9994161379050273
401,30.60048578026822,87.49283241551086,3.585181726533423,1.9819581385695442
402,25.14855532675513,36.18314022079632,4.017600512889592,1.2123054659200174
403,24.143909367257898,73.08381491838081,4.156013647122599,1.7494420295804622
404,30.386283169946402,94.21104393778147,4.347195683163037,1.7191601565987202
405,24.924790429791273,49.46016234965429,3.2816099166278327,1.7772809688477973
406,30.784632720272743,67.6211631507453,3.545476123853986,1.7831853488162281
407,25.04618588730942,59.93836409912656,4.302301877178939,1.7099651691925717
408,32.63146596182331,76.92432545090537,4.156053382979444,1.7504084062382284
409,36.48522347677592,96.40852917424516,4.078728958274737,1.457228151893081
410,33.066932791557065,54.38639698744037,4.434482432951426,1.3085886600144025
411,28.011772100016543,63.27855607722366,4.093204334790487,1.5940554292714946
412,30.57866402853571,36.591517310776744,3.853606532493631,1.747919712667059
413,37.195150118887994,89.57448116623102,3.5147052555065197,1.7953675485403744
414,27.203655205124093,32.33851446053046,3.636488122921945,1.7822792306045017
415,30.57525143720985,78.66923656958507,3.684127297035163,1.7752460450833647
416,35.788728815823546,85.64480998170873,3.9306300432107992,1.722662529027327
417,32.1873400187317,76.80583479364714,4.434261885838252,1.3554476596592833
418,32.65950592796769,58.2181311049334,3.956126309799563,1.4815823497844507
419,25.8192170109261,32.16264525154604,3.410154138099339,1.767770575676792
420,34.448222881598745,84.39555835500803,3.5462796725837293,1.9069074929979235
421,36.12363406637989,98.82842544847212,3.9217211120737225,1.6748810797489697
422,29.86656194552753,39.19983206216564,4.432884254586399,1.4060340577575694
423,29.310470901663486,34.88745078071463,4.498808217414397,1.310150071895045
424,34.58637348413603,63.619724165316306,4.0321347841270185,1.758090214384662
425,25.502622977644123,41.11670049754991,3.5179474611153987,1.6810212450208646
426,27.272139097042043,27.60246318447569,3.7676437276144363,1.4843734615387993
427,30.10292900403058,74.99256527433053,3.704465942958131,1.8265826507706315
428,28.250320247544874,43.04650280037837,3.4206163336586073,1.9471924612346647
429,36.51599517340315,114.93039243984553,3.296888565300523,1.606804283323937
430,31.999296241835832,80.2430051668293,3.30407014326703,1.9116310806207475
431,41.42273871732036,119.8702635003056,4.009411513182451,1.8215742116000209
432,31.210327136738037,53.14827637674648,3.6514852299514233,1.9789447490248895
433,25.117287579815162,47.736851840247,3.2357228903125046,1.9793374445901746
434,30.501552360963437,37.118050396058294,3.6210851831606843,1.9472468526790854
435,31.300239430448446,56.75821564549951,3.942714814002904,1.8979723858956985
436,34.12314508739104,96.86674155658982,3.4781226670843686,1.869549067750169
437,31.20541580744577,103.12817785895001,3.1779008352114118,1.8120291821452414
438,29.0102251348001,39.72775745195207,3.370530698879062,1.9902475634900274
439,36.65429184676535,128.3687161694247,4.177710297582634,1.8025588126850054
440,25.325193234190397,40.11079542718517,4.096052395178555,1.7962033595897569
441,23.653455377313865,59.18538968785651,4.571579979250875,1.397042051018273
442,29.60797763851738,60.238016081223805,4.7850903105224685,1.1790014914872669
443,29.206159073525388,73.31047121530463,4.623662901203249,1.2212914981758696
444,29.239700597346438,100.02668865092427,3.685423725950203,1.898791503348687
445,21.16230434784875,24.755980808540734,3.652928922827454,2.031911937138947
446,24.8688782967572,24.274803632289608,3.3969292962044917,1.8560820923501227
447,25.295980787271407,42.2754168327596,3.4624628169566454,1.6276820493125774
448,25.709428489827786,23.02211264387931,4.4867199583949535,1.5717565789137742
449,28.698976302946186,53.426250589997366,4.2501018497795995,1.7199530343732818
450,30.44757051737426,81.35748239042648,3.9822877761195463,1.355287474230495
451,30.933861442739886,96.82532955141573,4.383871604201811,1.4201385671973168
452,24.75169219941979,31.599116502251732,4.715725230337672,1.3910569627167142
453,21.30693185822381,24.617795971309064,3.7226100422969033,1.620188487464925
454,30.758889276704547,90.14852244148143,3.451442090080673,2.085672672568677
455,33.388778223694075,100.58101186562867,3.432515466244266,1.6602195226026757
456,25.85994965194793,42.83979174447356,3.628556492801352,1.5928868843866324
457,27.37174480714857,81.2384482760561,3.8397084367863825,1.4664492853736861
458,25.82355778302475,65.4510983329055,4.495093163244619,1.1180149422666639
459,25.677731750524693,77.61078373642235,4.075879177823943,1.3392013885051406
460,25.66945257110753,36.90206812685447,4.669865679092756,1.0967766216118853
461,20.48084906483433,22.070167786983227,4.3194687631787945,1.0692795332736376
462,23.533138322647527,23.03309334320202,4.02756605582539,1.2283857758940677
463,23.735607005690706,50.54117322766873,3.6242903482005877,1.8945083205217585
464,25.15303184928098,53.25848683819844,3.3629842142210404,1.6930544588030259
465,23.754249272476137,44.07750911881436,3.395581436652758,1.6784449247508757
466,23.907310379648447,22.930934801315114,3.683831944482921,1.590461799663628
467,23.41905260277874,25.28428617716104,4.871307703046074,1.1895639043785806
468,26.03177013504886,51.54048994476915,4.728547765516809,1.1310453364238808
469,28.628912582720552,97.89609028740692,4.830876567056252,1.3221908381073868
470,24.363455084755298,41.76853780073772,3.703314226430682,1.6158675084638274
471,31.20355830223772,99.22264740036267,3.264049164329782,1.5970691433074298
472,36.25147185090787,119.8272622191677,3.3235981809238986,2.161122287379499
473,31.166736904748337,101.99828006663789,3.1959995662458107,1.8142425917381537
474,26.588651703188948,51.898954561404,3.680085239744668,1.2903246798290666
475,22.670895308140885,23.282265055979465,2.945510045068124,2.114066700107848
476,26.71329316183113,35.53127124833947,4.599061915776139,1.5528118278625787
477,30.226160300129052,97.92748084987102,4.127780016385154,1.1860821331532565
478,24.818050747181626,21.85665552001385,3.969545944547366,1.4911225826026917
479,23.80546017118994,31.613436404573715,3.050264441759819,2.1042063164075664
480,21.924713224821996,20.72588720295285,3.1908659364311633,1.9286833734118451
481,25.12282044495065,59.35294134999161,3.609561627143513,1.352644530646382
482,28.995650728854134,89.94517497456391,3.562707602484684,1.9245945657759314
483,22.935772873599586,32.129955419191226,3.1982383246405113,1.9218968154102014
484,23.612892114455118,21.177696323886526,3.5611383605605504,1.5652589562207926
485,22.34200083694815,22.281856362266765,3.5134776887420673,1.4901855880364783
486,24.107701263779557,62.742018794039225,3.1187203534739805,1.9135906459223724
487,22.195556255632948,26.292704410081207,3.5999480489926263,2.085196530264332
488,28.875504266417718,72.29653578974971,3.8840847741993625,1.0635130816653362
489,27.574237684712422,105.81791720860492,4.789326562407536,1.235794373808287
490,20.967869759632414,19.841406182086413,4.872726968281311,1.0482301932848557
491,18.867657621957505,20.40673481670454,3.9530950351485146,1.1720996894604967
492,26.950713990344592,68.10623279746213,3.890358445689254,1.224628621555377
493,26.177690716440203,99.39305536897662,2.9595240739034483,2.020896851162941
494,23.446195034328746,19.65713342419866,3.256269836093189,1.913626843883357
495,29.008671867477478,84.55181944943783,3.6151469307887854,1.3857901394094414
496,22.745852372529605,19.142579631293582,3.8041270026644947,1.0428073434986391
497,24.9973042596438,79.99818374725086,4.280271178728296,1.1519997653723286
498,31.837454649911173,92.91085489583205,4.371350066752361,0.91839979397252
499,27.559459492047388,52.32073582712093,3.9496502315431545,1.073746625797181
500,27.028809150519795,74.62832624915045,3.7410542853311197,1.2181268451851768
501,29.507447064871208,80.64937640523381,3.2944461632039705,1.8019608483840606
502,24.877480651879484,43.39970264082774,3.4212941249441924,1.6449950110011204
503,24.126239852610052,31.362718989247348,3.779764236604829,1.1547053495228654
504,27.34140515622164,55.479970315138885,3.9641570122019476,1.0797668380720653
505,23.191845490121597,45.548914982178594,3.869589973087803,0.9264010737987904
506,22.31832097033975,21.182378493053,4.041706573635492,0.8987038848604167
507,22.31301550055203,19.04415056550717,4.21403051004278,0.9263650410509221
508,28.057477320856552,65.78752006335765,3.8794882852403694,1.1169006187822819
509,26.956058105490754,80.43495712951338,3.6824535553504196,1.249854807979284
510,28.854791137271803,79.91478634271691,3.549053131625887,1.6857552432570364
511,24.657506056161818,23.590334431798393,3.60412970554853,1.617979024484791
512,27.011005548276064,28.70735599429711,3.946372748056909,1.2336529965348644
513,22.89217031476664,25.459924444947646,3.962261592472326,1.593751468879672
514,26.646436769574276,34.07661813997215,4.058879835123095,1.3304411857937994
515,26.714570824320116,39.072355574733116,3.812811210160066,0.9797259832403817
516,29.970984464568588,76.80951939717622,3.848854272581836,1.142845878290968
517,25.67689991948788,56.83843855319654,4.082050513079785,1.48739747963403
518,25.48297544846668,45.057794430608055,4.401861692467789,1.3188297495845747
519,33.8758333422821,122.49378435991177,3.948882915042249,0.9149454581285391
520,26.30773590858015,67.79429288082103,4.1002411521804305,1.3530028558375586
521,24.447012343879518,69.07882133217629,4.29219841674512,1.7146988532416785
522,24.93538886800174,29.810722851438733,4.8238479422523195,1.1070541822880666
523,32.45308848310328,120.27897601532615,4.673296192014864,1.0448983929561892
524,33.36651671966853,95.52558280691063,4.810284641344133,1.0219368649762863
525,23.954443601017775,67.45257086975222,4.688958836899246,0.9814999654031022
526,24.907198618995658,45.749416788098095,4.232116009881047,0.8765304987211923
527,28.872194204980236,70.87376778353956,3.6481973487791453,1.3015681247269812
528,27.320678204535785,56.13961597101761,3.247185664900123,1.8578919869811432
529,38.047111798356056,126.30645139998846,3.2264067248789696,1.7790478387184179
530,29.260037510847663,76.93622358557592,3.3254119684604513,1.777849155782662
531,26.163346647086133,49.314177482653264,2.9408239019213953,2.106834410210801
532,29.195363779471936,52.8750171284292,3.2110383557288866,2.0171344636951196
533,39.48253456506167,107.606881131452,4.14155098973368,1.7241444457745867
534,30.199249397125087,48.63265436949923,4.335561944732398,1.6938405167384758
535,34.013095779266266,93.8788735050904,4.129052999334993,1.692863603700163
536,30.656093668642715,78.62290966796729,4.1402259405123285,0.9474645145941556
537,26.22644654300447,78.36862911019834,4.297416763443239,0.9489607022832196
538,25.491176211764706,21.97963833807055,4.311364784472559,1.1159237355869052
539,30.03473800215165,84.15916887619184,4.343093651741043,0.9406713826450728
540,26.801382291451095,62.98611269469755,4.2086975011907475,1.3571765061711887
541,29.85526295983944,51.93972455253205,3.6393452875709773,1.7348472202753424
542,29.569141806443312,46.97308057446352,3.6517451880161116,1.9477089011819189
543,28.362546468972127,71.08478789134206,3.636244960615073,1.8932345326776718
544,25.96799617006592,42.88863611519247,4.193976754058143,1.1185153169739248
545,23.81244631558085,28.40129707503964,3.9992081630801155,0.9443360905985885
546,28.230552350358582,74.08584599709083,4.432077488170874,0.982045272258605
547,22.977114548523655,24.894333564662105,4.042055206275816,0.876464356609717
548,27.920699801265275,75.82893710919858,4.0438840066847135,0.9140602315117552
549,31.277412251933182,100.81580156171674,4.307750668514278,0.9270048784579414
550,35.39992673288874,95.10160799626105,4.534255784764769,0.970542595884854
551,25.34755004885683,20.790494957231466,4.119937567454249,0.9186594610270769
552,31.733998099008872,58.86667530389786,3.8819025473283753,1.4704270343007138
553,23.88332825087446,23.16555347882082,3.5409656724057057,1.7335642794167028
554,26.839947959076916,26.66877813247609,3.8216827452514166,1.4342965947589827
555,25.431329420590004,27.488686894845426,3.649063021188243,1.5875653363632802
556,24.196975480170558,29.922231278163792,4.44255407324309,1.089070525337946
557,25.706255229378318,38.76735753113597,4.233894882104677,0.9440458339708383
558,29.66528596352908,50.687058012090134,4.160919545242549,0.9047931062372169
559,23.78278959821633,23.707086194284162,4.122553604603793,0.9204052795385034
560,23.5233975006543,19.100663617371335,4.2019684954456045,0.879459181283188
561,30.257680768804065,67.97636153464848,3.9915163559572804,0.9617665185491107
562,27.849875294011333,60.980107155230925,4.082262402796347,0.9370898512336405
563,38.62904156418512,124.86608300858835,3.8335876254767163,1.1341272599328445
564,30.04991805323744,84.36189282254823,4.055545110653997,1.0474290032397837
565,25.190369772522672,42.25177125338787,3.9908170379975214,0.9283455083558058
566,31.370855477716322,84.18578132425155,4.1835018597349,0.8987155309671109
567,29.48380530171483,83.8331961383704,4.1845576362555095,0.9773158087342219
568,29.155429027770367,64.12128804259007,4.217019960184288,0.8890012899453319
569,35.41904044672023,85.42323435761006,4.060624447941259,0.8909282269104463
570,24.817315772939736,17.3166412820288,4.058776215931949,0.9053272255981003
571,31.05773953802105,74.75862833924991,4.012109672171235,0.9266514092276023
572,25.67181399577817,18.689488682989246,4.383658242203906,1.1802709354470586
573,38.38099798867796,97.71256436109793,3.9187971662416587,1.1282936928084666
574,33.365371899251,90.14586895869598,3.789248927644576,1.3542278224692523
575,23.17829471491051,24.54843933213486,3.305397903723198,1.829428811304907
576,25.43864286488841,24.23359676593475,3.7789031319151998,1.261930349442382
577,41.719840473190054,115.53838070369697,3.9023241593901457,1.0888298917202943
578,34.341381509200524,109.9190674836463,4.0554794117246376,0.9875464219819552
579,30.390388626247415,77.27067407574458,4.115658942336799,1.1322259703489006
580,25.54169076015838,42.94384587827955,4.1551554867991864,1.0504580697866135
581,34.86460505340389,118.29002057364804,4.0024623522341445,0.9984217736689858
582,40.832874324266584,122.13557640356646,4.023949851554404,1.0763168721982395
583,25.53394744947442,24.52594423038994,3.814508882326197,1.1209622198611684
584,36.60561969085882,119.27663384122368,3.581240948312709,1.6087164644389318
585,24.374132223591126,38.23526075335671,3.4179815614115916,1.5255023319783436
586,23.15880718859808,16.702007267223212,3.6034505174482114,1.4312070920740891
587,24.57921051373865,17.142938401588264,4.227216560374781,1.5695924387796367
588,29.00096106934723,45.9858334790584,4.2933732286741675,1.3961146799654245
589,25.3886218718418,17.73203562986165,4.481862003087826,1.1521804221968788
590,29.851170006535998,38.61385392557885,4.231923340657658,1.4715645446439354
591,33.7829691220117,84.76819010472539,4.054184623958522,1.6981623334858544
592,29.55398299800195,41.601779677317396,3.6045116172870912,1.881270762909838
593,25.751707769166476,36.79450693730624,3.6460583114234395,1.8281246023979565
594,28.7693035928833,56.15505490319073,4.061393266961284,1.4251404478501133
595,26.45073325100459,64.67979065527038,4.329722232138802,1.0381912214002957
596,28.533029830661576,50.28664420972976,4.526357370006126,0.9462248248735886
597,23.716453218795024,18.83700566512122,4.596159930628411,0.9911957147197951
598,29.918792348365393,76.9851023205913,4.227537901771295,1.2492159759251478
599,26.763150300115033,50.34024400431543,3.449375391394041,1.7922933842994457
600,29.1990640350291,55.08951229548503,3.430012915838012,1.8516798886033754
601,31.005249157700387,85.66320118779214,3.0775612734115363,2.008280591487069
602,26.119468218163572,64.7149259905737,3.67609101152514,1.6103385160077088
603,24.77972434094547,30.64684382059051,4.397565069564091,1.3354214438158802
604,29.964631805036216,73.12036984546877,4.487188239152524,1.130381866320809
605,23.79812296676267,24.02153754324321,4.364928802207288,1.2256100198240856
606,23.6225285978818,18.990718917488387,4.25769648649489,1.1846890340761886
607,25.784147414064996,58.45325638200969,4.317551045879691,1.3976883035292298
608,25.865930791075936,36.433377666571396,3.948000379591947,1.6069950362535104
609,27.75755197451235,70.52962104916875,3.0772687892098984,1.6996394188641322
610,32.46536753416235,96.39899435309677,3.1022223871801784,1.7482255817724555
611,24.24534183485851,75.70031790622865,2.901752932924762,1.7579478692744825
612,25.131414755767196,69.14824196026663,4.009139904744931,1.6493829440460699
613,28.76780354271368,113.5437834502705,4.191611626019213,1.5902028331348124
614,24.603787875044475,63.8675488974338,4.340427172151602,1.351087398917369
615,19.867409272881286,32.23512283655158,4.23957647349342,1.2757331588617786
616,32.61572347469531,102.50943303270626,4.23512766121975,1.2803038472628963
617,23.09885024687591,39.842055155998516,4.2481611353373046,1.300325593813662
618,23.398103046340456,53.75166775153016,4.224875402321215,1.2829432622565384
619,20.22398484099862,30.420266194514497,4.235302208734407,1.2851572770230881
620,19.997474811845173,30.786168163334494,3.7811435005996654,1.1449670749484728
621,17.92659556581204,24.891396339461867,3.64842463132544,1.079014253457094
622,21.80859036634102,46.37401545129029,3.7856494170783845,1.597106738347977
623,22.51446404594912,53.8136764227033,3.7226429623802995,1.695278632863875
624,18.254269643182468,37.34542032135896,2.658145737789241,1.4827698559444757
625,20.45937090522689,72.45827627298833,3.504735676689946,1.6222833244168682
626,22.386780265681544,61.43547862227051,3.6662814961617465,1.6128507531847291
627,21.333766041859437,66.77557773549256,3.355332782733736,1.4322002309209785
628,18.72650317898857,49.07573538925549,4.289952476222039,1.3021899842868343
629,26.409560629101065,109.06208041569897,4.1658163302334446,1.258278671063491
630,16.072228632250457,29.8709722456699,4.143169360160937,1.276776076077359
631,23.331602151001015,85.42659113327969,3.0808388989149216,0.9571874442383329
632,18.962758417774097,58.54676279812529,2.7633494891856034,0.9880101600542314
633,14.974635275049877,32.512047971860014,2.6020578103618703,1.4521831528312938
634,16.744621087486486,39.00500889104288,2.805450091666212,1.8468376539481086
635,19.172337702130555,46.787455072788404,3.0592318640017417,0.7339686617412677
636,15.377702050915877,22.99655049677328,3.0354636506285333,0.8936266815804313
637,18.500863799917397,50.9077606698997,4.422317893746262,1.4740712934163507
638,16.006480697006328,37.632043943743575,4.27551200565391,1.3042739929902785
639,16.650338338802978,28.717708950379446,3.245379734511439,0.6441825285507924
640,18.241666462391997,61.703118833778426,3.5504091600719425,0.7855469238131254
641,16.020700547036164,29.38859571791279,4.231769207428179,1.277029591872119
642,16.440222095456285,41.48214834493277,2.95205434547732,1.0429892762418087
643,19.710480836827383,75.29127730182947,3.060779482325126,0.626319105309443
644,18.16618182818739,69.61444690391598,3.393523628076185,1.5449201629979548
645,18.8104052880982,59.213325711175976,3.7325023621659676,1.6846802579114182
646,22.495142335558327,72.69647789440981,2.814222523132656,1.1553925454196028
647,16.391098223719347,46.594865827223565,2.7496375614722037,1.0516131829459263
648,17.435095043962498,46.06016176720878,2.4223996565925074,1.4745705601764707
649,18.499888671260727,77.31332217997891,2.765348491341322,0.9133414157536813
650,15.13690014129591,39.116679948446105,2.796541550919206,0.6998189250586558
651,25.282132070918543,128.16536834453885,2.6164088072114327,0.9141111459839577
652,16.374806509225806,46.308917677403784,2.4884621486221863,1.2586322446525156
653,18.488104042678934,96.90908144769737,3.079833433025172,1.088154409115517
654,18.50945292702986,81.00206097287321,3.598933795220694,0.8497183350150579
655,17.599158558097724,60.124329994635445,3.3876611264398524,0.608906503934271
656,20.382037478664998,76.09699241882993,3.9368679064663863,1.272938291800133
657,14.495952771059647,44.82204099756546,3.947132470591453,1.3835785279514032
658,19.788324945176665,100.4049691444673,2.663590776037331,1.4944920729362527
659,19.31132044893985,82.25619822529171,2.5706321183338683,1.352710888624574
660,20.408448222706596,93.56671535326028,3.0251512663195887,1.4195816255551599
661,17.769127087679273,55.50352078438131,3.0968459604907097,0.754279565325211
662,20.277839495531737,105.8474932863539,3.359730826580056,0.8129886532679845
663,12.799289076275562,15.713719410252695,3.452641045673247,0.8889882842218345
664,19.077113894877225,72.8439763824253,3.1807282259513325,0.5934507730405111
665,18.337863330951045,56.22695977296489,3.1347784826345424,0.5501700211952669
666,19.20884618256609,72.62943279412097,3.046961568513385,1.1150637096430644
667,15.235443578923602,46.542673011415836,3.6592683916085216,1.7811642002242358
668,12.416194722159696,17.13630494925546,2.877891296232585,1.443764999702694
669,16.393254861176953,55.8753903152868,2.5037008386088373,1.1769975513604183
670,18.243051275454906,63.584370221323454,2.4091309547890334,1.4559040760315303
671,16.234975047291762,55.014309554354035,2.784379412270527,0.7356255648876856
672,13.425037097275123,31.164008694922124,3.0352867156252126,0.44987426460407737
673,17.273889560412673,50.33529680776266,3.1489312164631915,0.5193611049912281
674,19.65965232945322,90.11148324919527,3.2203080236494603,0.4503389408967024
675,16.681749050744536,57.40672695064301,3.228461754669182,0.5109103604684657
676,18.89755589427174,73.11354220891278,4.015606410019081,1.3633716023144167
677,18.68438217778389,82.57182417761149,2.6841048038409623,1.0912944560884317
678,14.454761124546396,43.23128279749218,2.5213999467479433,1.5403676011133982
679,17.70771052274598,81.37894595109812,2.138577331724222,1.551016253720961
680,13.739812599610188,47.25280856093701,2.4160715755618694,1.3254853915555609
681,13.125646907906534,51.54879446912522,3.571792077230988,1.2471546800900066
682,16.145855520857715,51.671753993790695,3.563107077989506,0.7481769020991961
683,13.331327497916623,51.831108235424466,3.6836426611431055,0.8459099404864078
684,14.88082307253666,51.458860524111046,3.6804604957261025,0.9501140203315708
685,17.027854576394066,72.83907682022001,3.8195166734042747,1.3120176020133538
686,12.53463911276793,33.23479611287619,3.1027155700532933,1.9116572929180653
687,11.092951957645695,22.31122324124794,2.7257839253894565,1.796543571225583
688,13.028340660503515,39.63141912181218,2.3195073831143818,1.24561230648328
689,11.77035051619976,24.243949026407797,3.0650671820192703,0.9469036868783351
690,13.032463546826934,47.56000355530205,3.8977602548522463,0.9849382095527547
691,10.705708828229344,15.886056919022154,4.071554477818301,1.126108932749898
692,10.993629955381406,21.96270147841498,3.85479227785072,0.9733342287116344
693,13.323719842733471,51.87991329037846,3.1808281001675875,0.5835432780964818
694,11.078735133503251,46.07899623704593,1.931140424732156,1.5830896290822525
695,11.658588501187,44.55949050464721,2.155727483939967,1.806948433027066
696,13.284510481949908,49.5907749075797,2.185914228694469,1.8974279016022726
697,15.46309972028136,74.76787381260216,2.350298032085883,1.7845522791002304
698,15.185764634657485,79.17225147243926,4.173121091819431,1.1416270667625417
699,9.69228289702226,30.42963461161559,4.321772825938588,1.168896755931183
700,8.04115731086719,10.698269743798251,4.492112883178699,1.2133988285048536
701,10.220576957408559,43.253639539714854,4.132685760650592,1.0215232438669397
702,10.688257518240858,53.077049599250735,4.318051151722903,1.1842487784848525
703,7.546599569500587,16.72211146099382,3.7842804023661682,2.131154923477969
704,8.14022155804321,19.649086600711843,1.6973785365367668,1.429374619276784
705,14.20943934350811,76.21479325794172,1.8001821147824533,1.4801689088840042
706,11.296379735662393,59.43005939436724,2.3449183914691685,0.9164320879651046
707,9.986328531189335,54.37548409153539,3.8345108052681067,2.0418228143484236
708,7.9703326194583815,38.000545168930486,4.380635955841649,1.5364845959907412
709,13.536445961990053,66.87640899399635,2.893731120799697,0.5777638287917993
710,10.24028071313179,50.2492722412398,2.7850064321870684,2.349669513062216
711,12.108602803716765,70.18674201699321,3.3959902336876,2.375337991105605
712,7.703443530740196,40.89469981898721,2.0907274104783586,1.3077640605394487
713,11.905574477964961,68.0050468148807,2.370774076932536,1.3714894268123163
714,9.203458295581733,31.133215305341057,2.8154052507408442,0.5689787764401081
715,8.198354864429495,38.19096165783339,2.4736566821381953,0.9031958307704431
716,6.825447844602702,12.955533446177498,3.1334540871069745,0.6533674562052103
717,8.94723885547355,32.72932212709904,3.1563887905316355,0.5070855880331925
718,9.865818291267912,34.22048138449971,3.1403392258299854,0.4902393509283103
719,8.015654104929267,19.695561409252516,4.145885188166133,1.5143820607215086
720,12.315963250815798,62.07616678710296,3.091142921218599,0.5223902300647403
721,13.33650222642379,72.78470261050042,3.1667269306539483,0.6977220280710896
722,10.276075415886472,40.105539905710934,4.54301749171784,1.5928774377949473
723,10.515207294699444,47.48719012568257,4.72217809860102,1.4855598113771435
724,11.151295203293257,43.93866852694381,4.2112515995522575,1.84945958376917
725,9.576688446015556,42.04440213172276,2.5185508279928954,2.0984226027241664
726,9.488661888917237,39.20124365900028,1.994878018297035,1.3804686554387149
727,9.963190570674671,46.919482896612486,2.508004135811394,0.8939541179297145
728,11.692035428440708,58.480383755254174,2.1831537982922002,1.2196196736431586
729,9.705564043554558,34.316020128237,1.960512379876774,1.5113401815969594
730,8.293616165253127,32.558692288909704,2.2199776318003503,1.172309872334866
731,10.496818483891854,62.08651482308729,2.836373128379156,2.336473798635701
732,8.812333005788126,43.9486236468433,4.578652571518575,1.5062830226896746
733,8.928837830168591,40.94249125608236,3.2396949509369706,0.6406814690742153
734,9.713178228889767,57.68940892333913,4.542199942817376,1.466758239292229
735,8.293187347373737,42.03425716605971,4.037156522821656,1.2270559826522651
736,10.579293910259343,54.12440714556833,4.424319934795822,1.6222467391796034
737,12.951989209184621,95.66762930821208,2.4903302550530135,1.0330637998635144
738,10.198492153844771,64.38669158951018,2.0423836850886627,1.3288950538035398
739,11.963675420033258,74.60374106940269,2.445900885148597,0.898967051235937
740,18.272994642359386,117.27070656007747,3.0182346534944973,0.6145403475403548
741,13.322933612049573,80.7513826741543,4.1461744472202104,1.1948309168926272
742,13.833765675672003,88.00624473855534,4.138962455584145,1.1872196006760352
743,7.941610135518139,28.11617408786534,4.159904437688344,1.4642669522097596
744,12.81082397578872,67.7118286099267,2.7093701059341826,0.7525832493629608
745,8.368303623538617,32.419834187446284,2.288338509056928,1.9977606637561955
746,8.120943686840608,42.38604339123756,2.451071996726176,1.164787475691491
747,12.415039471676419,74.16578489084681,3.0238521302369077,0.49729525494286786
748,11.078129058730607,67.00003209512273,4.21409257132089,1.516123211711916
749,12.096202011384358,63.52003438510848,4.174981316401962,1.392144591626792
750,9.459439300007755,54.44882654614717,4.446413307357444,1.5286815868076238
751,14.148240408129789,79.06825428284112,2.971012267016729,0.6712868932627744
752,11.046290883164108,65.3762147347514,2.7170688299594956,2.0488329582399922
753,5.100374673541294,13.385816827145634,3.7307573424659943,1.2372433611591707
754,11.754076357831265,67.26738636435523,3.054040573938883,0.4211449585605072
755,12.47123774031656,73.54657644374775,4.2977981416930975,1.430656748773582
756,8.331609512557419,36.61591888767707,4.351723649360079,1.3526229047620844
757,6.53137913294582,33.63966845030332,3.32385736534018,0.8653815692806016
758,5.549358896976747,24.63987298057289,2.9534328884626126,0.5099108536568291
759,10.598678008842322,70.94946678633995,3.1299645750157525,1.7672741934047687
760,7.265299186472102,32.60177363450587,3.1155997279613064,0.4840124806402989
761,7.090430916388339,41.756030815137045,3.4849271422596995,0.5587374430170967
762,5.374043733679216,28.026743874409696,3.920179886018188,1.0599810689856013
763,5.584860909313814,16.43138609851089,3.931704444354904,1.364527485216244
764,8.690481198974492,46.80261429190818,2.8891933979014124,0.5771348203433967
765,7.135805812795336,39.22027812749774,2.203319269319734,1.750196216513592
